,BD,SVA,MVA
0,0.55,0.313521954,205.5013534
1,0.555,0.310585195,205.843623
2,0.56,0.427261074,207.6378695
3,0.565,0.337706847,207.9994627
4,0.57,0.30615267,207.5702377
5,0.575,0.440041557,208.7602725
6,0.58,0.413337799,208.8132911
7,0.585,0.144973726,203.0560362
8,0.59,0.303246743,198.6929472
9,0.595,0.232428074,200.27859
10,0.6,0.298279856,197.2534449
11,0.605,0.22757246,198.4775349
12,0.61,0.13608144,187.3764653
13,0.615,0.053065045,190.2710847
14,0.62,0.2594986,179.9456982
15,0.625,0.250605365,181.8498572
16,0.63,0.290419506,175.0127526
17,0.635,0.207606101,173.7779669
18,0.64,0.205779296,174.4481673
19,0.645,0.329659711,168.7927954
20,0.65,0.200614593,174.8001418
21,0.655,0.240062067,169.1848221
22,0.66,0.196861064,172.1954743
23,0.665,0.228217301,167.5645302
24,0.67,0.224836177,168.5032021
25,0.675,0.271187246,163.6892998
26,0.68,0.271900681,163.9887379
27,0.685,0.368292422,158.1527173
28,0.69,0.299696678,156.5882945
29,0.695,0.29743609,157.7299462
30,0.7,0.286768278,158.614048
31,0.705,0.285420432,158.0017625
32,0.71,0.339021478,154.8975112
33,0.715,0.281114708,157.8034274
34,0.72,0.383381989,153.6134206
35,0.725,0.306345677,151.844209
36,0.73,0.345132526,149.26559
37,0.735,0.343778606,148.7674062
38,0.74,0.342507656,147.8349476
39,0.745,0.340339369,149.8332671
40,0.75,0.341314857,148.7716901
41,0.755,0.328585327,150.4213657
42,0.76,0.362217965,145.0995138
43,0.765,0.360523852,143.2873154
44,0.77,0.359466755,143.527857
45,0.775,0.346009823,145.469345
46,0.78,0.398120143,142.0565485
47,0.785,0.386719816,142.8807384
48,0.79,0.378094627,139.0637112
49,0.795,0.366807327,140.9723585
50,0.8,0.376268949,139.7353623
51,0.805,0.395481196,134.7246755
52,0.81,0.395303993,136.4034832
53,0.815,0.367831081,140.955423
54,0.82,0.393434788,135.8784663
55,0.825,0.39117946,135.6054658
56,0.83,0.380166978,134.810366
57,0.835,0.425410246,134.5428426
58,0.84,0.408046645,131.823109
59,0.845,0.398596686,133.7574975
60,0.85,0.406071646,131.1593691
61,0.855,0.394940669,131.6098912
62,0.86,0.422410408,127.4851535
63,0.865,0.421323767,129.8354212
64,0.87,0.410524786,127.6335365
65,0.875,0.407206032,127.3576869
66,0.88,0.406187517,127.1700579
67,0.885,0.408369204,128.9445766
68,0.89,0.423553614,123.6401901
69,0.895,0.432762194,125.774417
70,0.9,0.421268068,124.8154686
71,0.905,0.43055273,124.2174613
72,0.91,0.444987143,120.7576265
73,0.915,0.444951088,120.3048102
74,0.92,0.495788961,122.0910604
75,0.925,0.433065123,121.8321743
76,0.93,0.431269453,122.2693273
77,0.935,0.507274557,120.0453906
78,0.94,0.454928351,119.3779961
79,0.945,0.487321844,116.8571697
80,0.95,0.444217951,119.4506727
81,0.955,0.458590147,115.6491537
82,0.96,0.46656579,113.8157256
83,0.965,0.466324521,115.6627148
84,0.97,0.49607207,112.0156722
85,0.975,0.494968802,114.1343061
86,0.98,0.477714756,111.6653715
87,0.985,0.492354771,114.1448236
88,0.99,0.456864524,113.4768479
89,0.995,0.531531309,108.4267171
90,1,0.465692084,110.5949099
91,1.005,0.48645056,107.4742188
92,1.01,0.488160789,109.7040659
93,1.015,0.474953857,107.158025
94,1.02,0.543016417,105.5300904
95,1.025,0.476135222,107.6958572
96,1.03,0.51727295,105.9050096
97,1.035,0.485657221,106.8300692
98,1.04,0.485607988,106.8204892
99,1.045,0.482143737,104.5650472
100,1.05,0.482639895,104.3920132
101,1.055,0.482862715,104.421098
102,1.06,0.503074593,101.160937
103,1.065,0.522529114,101.5631742
104,1.07,0.517700612,104.8815585
105,1.075,0.500011752,100.6482842
106,1.08,0.520709634,102.7872515
107,1.085,0.500532134,98.86275274
108,1.09,0.499769802,101.5329333
109,1.095,0.510214515,96.76772552
110,1.1,0.527771839,99.85557259
111,1.105,0.506830003,100.6694699
112,1.11,0.508717546,95.07071199
113,1.115,0.536187941,96.42175168
114,1.12,0.532040924,98.62598365
115,1.125,0.532000679,95.87114255
116,1.13,0.565358576,96.29492311
117,1.135,0.504605268,100.2152962
118,1.14,0.523718936,95.63600304
119,1.145,0.537250237,93.73451713
120,1.15,0.52243932,91.73625719
121,1.155,0.548834483,93.51222811
122,1.16,0.572142753,93.16438723
123,1.165,0.585033199,89.33249005
124,1.17,0.519204629,91.05573177
125,1.175,0.543630357,94.14936397
126,1.18,0.529143559,90.3065816
127,1.185,0.536818503,90.03475982
128,1.19,0.580666495,90.90997613
129,1.195,0.525541273,89.63855642
130,1.2,0.534027672,87.09215599
131,1.205,0.542591386,86.34300138
132,1.21,0.541768817,86.10827865
133,1.215,0.559226134,85.53687548
134,1.22,0.581243477,83.68893211
135,1.225,0.540273977,87.02697828
136,1.23,0.58538139,85.56178507
137,1.235,0.537493032,81.63839893
138,1.24,0.584432448,85.11692552
139,1.245,0.563007785,83.35932317
140,1.25,0.543295156,83.36150128
141,1.255,0.554139176,81.63364481
142,1.26,0.574421376,79.36918163
143,1.265,0.595534942,80.21819144
144,1.27,0.581675666,83.60053543
145,1.275,0.573940121,78.81184577
146,1.28,0.599567986,81.56734702
147,1.285,0.606713618,77.33250513
148,1.29,0.573826032,79.66220304
149,1.295,0.554257103,80.28364658
150,1.3,0.584739,76.22931875
151,1.305,0.602107739,77.90812633
152,1.31,0.577248597,76.16371546
153,1.315,0.550571078,80.7041938
154,1.32,0.550866883,74.71157613
155,1.325,0.581325124,76.43473268
156,1.33,0.581391207,74.25001498
157,1.335,0.564346264,76.95088121
158,1.34,0.555405768,78.40688599
159,1.345,0.561890885,71.21220616
160,1.35,0.611293087,74.83165816
161,1.355,0.569345613,72.79688425
162,1.36,0.577695651,71.91893936
163,1.365,0.574827012,71.2738961
164,1.37,0.589160044,73.02026399
165,1.375,0.576103159,72.14318692
166,1.38,0.573024297,71.77747284
167,1.385,0.612631213,72.20706629
168,1.39,0.573388953,72.49758711
169,1.395,0.570903729,71.73185035
170,1.4,0.614225647,69.20633426
171,1.405,0.586214064,71.4723946
172,1.41,0.583635336,64.76344746
173,1.415,0.576719249,70.32358308
174,1.42,0.593418424,69.02929042
175,1.425,0.60991726,67.65882494
176,1.43,0.590516566,65.31337827
177,1.435,0.590710661,65.12075388
178,1.44,0.592382927,69.75034506
179,1.445,0.619683921,65.40831631
180,1.45,0.596592322,66.28300244
181,1.455,0.62620902,65.96784079
182,1.46,0.603191509,64.37204135
183,1.465,0.589350813,66.9895064
184,1.47,0.625068216,65.98433923
185,1.475,0.601947036,65.18124331
186,1.48,0.621969281,63.93018032
187,1.485,0.628509256,63.77613458
188,1.49,0.633579101,60.94464756
189,1.495,0.626983211,61.7382699
190,1.5,0.604844833,62.46354309
191,1.505,0.605711353,62.62979071
192,1.51,0.605827865,63.7321097
193,1.515,0.636688216,59.9870032
194,1.52,0.635247326,60.15588843
195,1.525,0.599849949,59.75535099
196,1.53,0.636279305,59.90152775
197,1.535,0.600501499,59.40343934
198,1.54,0.613058295,58.16162043
199,1.545,0.62784967,61.29856734
200,1.55,0.597575716,61.56770922
201,1.555,0.609264093,56.85669217
202,1.56,0.617458879,56.82637239
203,1.565,0.616371898,57.38988912
204,1.57,0.60322064,55.00852685
205,1.575,0.603706838,59.40555893
206,1.58,0.601523015,57.5301571
207,1.585,0.591916018,56.06212597
208,1.59,0.642135227,56.66465344
209,1.595,0.61355095,58.3874877
210,1.6,0.613569219,55.57402991
211,1.605,0.612968452,55.26530014
212,1.61,0.612957627,56.14834979
213,1.615,0.604256882,54.27740199
214,1.62,0.601080681,55.09119033
215,1.625,0.610875792,56.7264429
216,1.63,0.607523845,55.00118039
217,1.635,0.615475067,54.73409935
218,1.64,0.612350514,52.15647058
219,1.645,0.608046667,54.31085457
220,1.65,0.605117532,54.0378168
221,1.655,0.61054172,54.81362478
222,1.66,0.628342954,54.21964871
223,1.665,0.622056203,50.62729973
224,1.67,0.615069558,50.11479581
225,1.675,0.613269054,50.26573693
226,1.68,0.611893502,52.46841311
227,1.685,0.612841436,52.74902993
228,1.69,0.613468315,53.19610157
229,1.695,0.614308694,50.69215879
230,1.7,0.623839287,52.08576581
231,1.705,0.614580406,51.72930247
232,1.71,0.648560268,51.76182269
233,1.715,0.617310607,50.06925666
234,1.72,0.618953696,48.87381019
235,1.725,0.608857261,48.29613323
236,1.73,0.626279864,49.72104411
237,1.735,0.618918553,49.51033287
238,1.74,0.619811707,48.28303816
239,1.745,0.621081253,48.59810572
240,1.75,0.61560569,45.9095766
241,1.755,0.621610481,47.31435784
242,1.76,0.621945516,48.50437354
243,1.765,0.633735238,45.15947726
244,1.77,0.620083993,48.18236606
245,1.775,0.624973028,44.7696641
246,1.78,0.622552775,44.69437922
247,1.785,0.612765757,47.72192312
248,1.79,0.617073027,46.63555351
249,1.795,0.62364616,47.85030013
250,1.8,0.624767289,46.76837614
251,1.805,0.620327743,46.70654253
252,1.81,0.655636035,45.02254047
253,1.815,0.617640957,61.5961195
254,1.82,0.625493336,44.18124736
255,1.825,0.62872036,45.79374676
256,1.83,0.641134591,42.11202913
257,1.835,0.625442454,44.20009124
258,1.84,0.624166409,44.6863034
259,1.845,0.616591256,45.69732157
260,1.85,0.628679481,45.57544219
261,1.855,0.622486466,44.39534705
262,1.86,0.62182047,44.7003704
263,1.865,0.624126088,46.18889913
264,1.87,0.630354637,44.96144342
265,1.875,0.624901197,43.5378632
266,1.88,0.628027798,41.83136854
267,1.885,0.616053005,38.13063464
268,1.89,0.621127281,42.36073416
269,1.895,0.624814279,43.02274413
270,1.9,0.630636299,42.43495551
271,1.905,0.636458218,40.81637056
272,1.91,0.630217679,44.39750592
273,1.915,0.635479876,41.3183097
274,1.92,0.624430348,43.43110793
275,1.925,0.62670452,41.923404
276,1.93,0.641106752,41.02107756
277,1.935,0.633622129,41.59770252
278,1.94,0.622707145,43.54879336
279,1.945,0.629918401,42.10318047
280,1.95,0.629372907,36.84475707
281,1.955,0.637742191,39.32523239
282,1.96,0.623367823,39.00866868
283,1.965,0.642229462,38.21288839
284,1.97,0.628865667,38.04566002
285,1.975,0.633788223,39.52192114
286,1.98,0.634465316,38.84897415
287,1.985,0.630314121,41.9929583
288,1.99,0.630406658,39.11878533
289,1.995,0.630826853,36.86495092
290,2,0.633473661,40.83191449
291,2.005,0.633466766,40.13308502
292,2.01,0.633492795,39.10632441
293,2.015,0.631379731,39.74295837
294,2.02,0.634900807,40.35924693
295,2.025,0.636386118,38.533331
296,2.03,0.633701656,37.78378593
297,2.035,0.63822123,35.18377784
298,2.04,0.635862178,36.12458742
299,2.045,0.623993548,41.1914164
300,2.05,0.626268184,37.8479357
301,2.055,0.6330606,37.0367777
302,2.06,0.633115731,39.39735987
303,2.065,0.632348343,37.48336846
304,2.07,0.624348386,38.53062514
305,2.075,0.636585936,35.18172691
306,2.08,0.627630481,38.85922079
307,2.085,0.634924997,34.9230211
308,2.09,0.630673478,36.52821983
309,2.095,0.62674494,26.81318177
310,2.1,0.640473671,35.92439145
311,2.105,0.634782919,34.98019772
312,2.11,0.62812682,39.42713599
313,2.115,0.629659101,37.50230982
314,2.12,0.628671794,37.26979709
315,2.125,0.627116135,51.92907474
316,2.13,0.63327428,37.40900353
317,2.135,0.627400809,31.85204861
318,2.14,0.631325053,38.17444225
319,2.145,0.631524365,32.9245778
320,2.15,0.642930357,33.30417305
321,2.155,0.632236402,35.43872227
322,2.16,0.634368744,32.1282228
323,2.165,0.63612339,30.67433081
324,2.17,0.630605482,35.8944397
325,2.175,0.633511535,39.5127069
326,2.18,0.635035564,36.13853966
327,2.185,0.6391828,31.98498284
328,2.19,0.630626559,36.57778232
329,2.195,0.626809795,34.10139533
330,2.2,0.635107648,37.54438673
331,2.205,0.627816512,39.0334652
332,2.21,0.642382213,33.19477313
333,2.215,0.638923276,35.77683694
334,2.22,0.640340323,35.57505447
335,2.225,0.635312658,39.04032632
336,2.23,0.635191631,32.84282338
337,2.235,0.631699799,35.7015951
338,2.24,0.636646212,33.0870799
339,2.245,0.643540469,35.46679941
340,2.25,0.630597735,34.78431608
341,2.255,0.631125907,32.99844324
342,2.26,0.636307995,32.1557111
343,2.265,0.634797928,32.10508521
344,2.27,0.636060479,32.00944581
345,2.275,0.635457935,29.30330199
346,2.28,0.635487222,31.12704854
347,2.285,0.637099384,35.07827979
348,2.29,0.638520521,34.68851365
349,2.295,0.63736259,30.12715994
350,2.3,0.631257502,42.69489031
351,2.305,0.633987594,32.80208406
352,2.31,0.643480381,35.3843786
353,2.315,0.631023366,13.18382373
354,2.32,0.646802154,35.57782098
355,2.325,0.634544281,27.63596684
356,2.33,0.639120378,32.8761655
357,2.335,0.636867761,34.65389566
358,2.34,0.63376322,23.31056559
359,2.345,0.634541961,30.88187472
360,2.35,0.642009078,33.6556388
361,2.355,0.640305994,34.76149209
362,2.36,0.650795207,30.95166158
363,2.365,0.642056753,35.92590592
364,2.37,0.642870769,36.21116186
365,2.375,0.648803924,32.12994291
366,2.38,0.6512932,35.24951878
367,2.385,0.64249881,34.01356177
368,2.39,0.638236051,26.76470175
369,2.395,0.661146141,30.58366987
370,2.4,0.650453916,28.68775174
371,2.405,0.650826835,33.38253983
372,2.41,0.65185545,33.87150366
373,2.415,0.645246774,33.18980672
374,2.42,0.646148254,11.48180844
375,2.425,0.658740559,31.06296991
376,2.43,0.67106715,29.6469048
377,2.435,0.653812004,34.91191866
378,2.44,0.654934599,16.86609928
379,2.445,0.646921961,34.15919346
380,2.45,0.65556065,32.29011905
381,2.455,0.660800806,32.32161558
382,2.46,0.650623827,32.31824795
383,2.465,0.654196364,30.77312849
384,2.47,0.650446519,34.43010725
385,2.475,0.663934071,34.43309269
386,2.48,0.643422063,34.63884644
387,2.485,0.655974764,31.62470088
388,2.49,0.648885836,37.05962472
389,2.495,0.654244856,22.9656905
390,2.5,0.653989445,27.30013828
391,2.505,0.659935841,24.56890808
392,2.51,0.653932884,28.94391331
393,2.515,0.650479561,35.12251547
394,2.52,0.662957562,33.2850468
395,2.525,0.654579311,8.572797816
396,2.53,0.657194413,25.22728356
397,2.535,0.67184208,28.58215869
398,2.54,0.650048529,22.04211973
399,2.545,0.664415257,32.74575802
400,2.55,0.64591823,36.93030288
401,2.555,0.653229803,31.01921344
402,2.56,0.64901079,37.41919593
403,2.565,0.65655656,36.72394668
404,2.57,0.652942554,40.88691336
405,2.575,0.662034633,30.07293556
406,2.58,0.672434568,31.46706945
407,2.585,0.658557702,34.71897518
408,2.59,0.667238143,33.18836659
409,2.595,0.654491744,33.33510369
410,2.6,0.650148497,48.98674059
411,2.605,0.664000048,33.95707542
412,2.61,0.651368246,16.02013569
413,2.615,0.663826353,34.69029899
414,2.62,0.655243508,8.722592601
415,2.625,0.647967603,36.61332844
416,2.63,0.652757748,48.15582233
417,2.635,0.669578411,30.40591753
418,2.64,0.654942511,38.34924002
419,2.645,0.662092835,33.68206397
420,2.65,0.649907087,34.32930213
421,2.655,0.650485399,34.31761358
422,2.66,0.647696609,30.71793284
423,2.665,0.655704385,28.94830852
424,2.67,0.660154067,35.71839769
425,2.675,0.655557651,35.95355796
426,2.68,0.655532563,22.06077215
427,2.685,0.661818263,34.57051836
428,2.69,0.656083536,18.6987088
429,2.695,0.650318189,44.51262024
430,2.7,0.652076225,38.35015334
431,2.705,0.649637569,30.60280036
432,2.71,0.659360162,32.77082934
433,2.715,0.663409404,30.02239951
434,2.72,0.661425373,33.67876421
435,2.725,0.654502063,34.86817422
436,2.73,0.652407543,14.71832609
437,2.735,0.658053165,28.69192454
438,2.74,0.656199342,49.05232613
439,2.745,0.673383283,31.26443691
440,2.75,0.650509773,33.95378502
441,2.755,0.662654852,29.40613113
442,2.76,0.652383297,35.66468257
443,2.765,0.662082051,32.28412923
444,2.77,0.653462222,24.82647211
445,2.775,0.666934644,31.80012394
446,2.78,0.664613362,32.34981395
447,2.785,0.649811331,35.87594732
448,2.79,0.651445498,34.0012569
449,2.795,0.666762059,32.26490867
450,2.8,0.652289401,25.61465632
451,2.805,0.646759822,38.49623009
452,2.81,0.660407808,25.23565022
453,2.815,0.659255947,37.37494479
454,2.82,0.654503388,29.15883802
455,2.825,0.650554411,36.68246711
456,2.83,0.667877877,33.01083873
457,2.835,0.656476384,34.64800078
458,2.84,0.646780974,36.3843101
459,2.845,0.663617217,32.74087409
460,2.85,0.662322728,32.81304394
461,2.855,0.652230048,30.39245451
462,2.86,0.659143003,32.00925949
463,2.865,0.649821264,38.91453948
464,2.87,0.664536939,33.45796968
465,2.875,0.667753484,34.00903784
466,2.88,0.650231992,39.32982205
467,2.885,0.647773229,33.08812825
468,2.89,0.65287036,35.34088104
469,2.895,0.651645766,33.80581442
470,2.9,0.646680156,35.25279437
471,2.905,0.654056182,17.35204606
472,2.91,0.654231444,36.57082163
473,2.915,0.651998372,31.14358181
474,2.92,0.649789775,32.99960191
475,2.925,0.6528029,33.03377685
476,2.93,0.652857526,36.69240545
477,2.935,0.653679869,36.97428097
478,2.94,0.638055998,37.54915052
479,2.945,0.649512403,39.57832861
480,2.95,0.652416853,30.55664566
481,2.955,0.64639977,38.26214082
482,2.96,0.651035646,37.0564597
483,2.965,0.643589783,34.5387789
484,2.97,0.641824824,38.14704246
485,2.975,0.658869343,37.22065306
486,2.98,0.643645691,35.46446521
487,2.985,0.650665663,38.03701751
488,2.99,0.644014865,38.84854725
489,2.995,0.644288755,36.9224128
490,3,0.657609241,37.18516593
491,3.005,0.648267275,32.50296954
492,3.01,0.657211672,34.41281275
493,3.015,0.659673987,35.0667043
494,3.02,0.655674312,33.34634754
495,3.025,0.650004648,32.27270321
496,3.03,0.643729293,35.97683112
497,3.035,0.652269019,28.06128322
498,3.04,0.660927447,34.62046453
499,3.045,0.646698682,38.07451183
500,3.05,0.64022196,38.18591441
501,3.055,0.640203364,35.46650189
502,3.06,0.645847226,38.14477302
503,3.065,0.647836363,23.58815881
504,3.07,0.645100065,34.66647556
505,3.075,0.644911358,36.73674647
506,3.08,0.642107259,34.68722388
507,3.085,0.639828494,37.99671354
508,3.09,0.654254799,36.50223811
509,3.095,0.652156691,40.30812969
510,3.1,0.648421438,37.08729671
511,3.105,0.654258868,36.85757343
512,3.11,0.654774333,37.57601225
513,3.115,0.642494731,36.38683724
514,3.12,0.64117613,39.2108465
515,3.125,0.643063871,36.47233283
516,3.13,0.649572054,39.56605954
517,3.135,0.655132965,34.55856106
518,3.14,0.641375046,36.44363232
519,3.145,0.646738144,38.93757966
520,3.15,0.640298176,38.21706614
521,3.155,0.641444982,37.48336672
522,3.16,0.654229637,35.69971053
523,3.165,0.648273775,44.61110516
524,3.17,0.639406914,39.04193562
525,3.175,0.638234903,40.85206138
526,3.18,0.633029949,41.43340688
527,3.185,0.645381006,50.00351009
528,3.19,0.632299126,40.42082404
529,3.195,0.630945492,42.21110081
530,3.2,0.638188554,42.12227675
531,3.205,0.628396128,41.67733244
532,3.21,0.644161028,36.03197889
533,3.215,0.634697417,41.16109835
534,3.22,0.648251224,43.0491301
535,3.225,0.646621077,38.56608363
536,3.23,0.637156421,42.0243804
537,3.235,0.648047287,55.36211287
538,3.24,0.637647248,41.79089354
539,3.245,0.653319316,39.25870559
540,3.25,0.630199253,41.8868322
541,3.255,0.633709704,39.04155273
542,3.26,0.635727532,38.86008238
543,3.265,0.637170901,37.51348916
544,3.27,0.649819947,36.31673089
545,3.275,0.648609415,33.28769693
546,3.28,0.646800337,34.28853665
547,3.285,0.638697152,43.96886278
548,3.29,0.635633915,40.37015622
549,3.295,0.63090263,43.13988754
550,3.3,0.627607567,40.81096085
551,3.305,0.632395102,41.92608355
552,3.31,0.647673031,40.39080971
553,3.315,0.644795838,39.92494564
554,3.32,0.630628418,43.71981947
555,3.325,0.635602434,41.55460972
556,3.33,0.631626757,43.80130519
557,3.335,0.635870679,40.19141357
558,3.34,0.63121465,41.40219477
559,3.345,0.627712302,44.14871835
560,3.35,0.646152131,40.65585809
561,3.355,0.629672612,41.51024583
562,3.36,0.625970476,43.26984605
563,3.365,0.630285585,43.82953703
564,3.37,0.631019659,41.1933041
565,3.375,0.630208336,47.59297109
566,3.38,0.643325822,42.61222925
567,3.385,0.628453712,42.80903329
568,3.39,0.643711302,44.36806893
569,3.395,0.630992364,44.84064716
570,3.4,0.643980412,43.02257528
571,3.405,0.635776386,49.40765552
572,3.41,0.634226416,40.2387946
573,3.415,0.629624894,44.94092343
574,3.42,0.633365045,41.63501364
575,3.425,0.619433013,45.49592091
576,3.43,0.638988639,39.78654415
577,3.435,0.622101544,43.98038259
578,3.44,0.62465217,43.87910063
579,3.445,0.633835612,68.28239347
580,3.45,0.618804082,46.69635803
581,3.455,0.616890957,47.7607687
582,3.46,0.6329743,49.71121108
583,3.465,0.628372614,47.90719155
584,3.47,0.632148631,41.10896799
585,3.475,0.615237532,47.8350896
586,3.48,0.630389286,50.55756469
587,3.485,0.614913576,49.89135646
588,3.49,0.626836105,46.85624422
589,3.495,0.622320297,45.80487223
590,3.5,0.621079138,48.21901166
591,3.505,0.634189928,46.74926351
592,3.51,0.630301458,46.71968621
593,3.515,0.63655216,46.54432391
594,3.52,0.624554421,44.55553037
595,3.525,0.628557926,44.7973583
596,3.53,0.635577153,56.8713076
597,3.535,0.628687811,45.14360241
598,3.54,0.624386953,45.37871966
599,3.545,0.629331177,42.44001371
600,3.55,0.619579414,47.01876692
601,3.555,0.62043034,45.37211925
602,3.56,0.619997351,48.51989456
603,3.565,0.6156715,48.24615761
604,3.57,0.616362206,49.54123357
605,3.575,0.628895782,35.18039047
606,3.58,0.614441842,50.59307011
607,3.585,0.618447558,48.0255239
608,3.59,0.611583623,48.81096974
609,3.595,0.613383537,50.10759616
610,3.6,0.612957823,50.9711579
611,3.605,0.62676167,51.93132676
612,3.61,0.607024169,53.18742265
613,3.615,0.6089127,52.08516387
614,3.62,0.625590685,51.51392056
615,3.625,0.615331969,53.58577186
616,3.63,0.61573627,47.11304142
617,3.635,0.614586052,48.74798282
618,3.64,0.615109176,49.917679
619,3.645,0.606343412,50.67014859
620,3.65,0.634633747,49.2181849
621,3.655,0.611795152,49.89668919
622,3.66,0.626789624,50.23941267
623,3.665,0.620989848,48.20108473
624,3.67,0.611183492,48.58983969
625,3.675,0.617548704,47.17998874
626,3.68,0.63171958,48.54488249
627,3.685,0.611704301,50.35479138
628,3.69,0.612426886,51.84144167
629,3.695,0.62419041,44.46296527
630,3.7,0.606734912,49.41878504
631,3.705,0.627003139,56.17710811
632,3.71,0.630891389,51.57006888
633,3.715,0.608103237,50.78901605
634,3.72,0.610560325,50.68917001
635,3.725,0.607649817,51.86137459
636,3.73,0.606570254,53.68004535
637,3.735,0.620203128,49.47206243
638,3.74,0.598291571,55.04379359
639,3.745,0.601928149,53.25108918
640,3.75,0.613043335,50.86248483
641,3.755,0.601388441,53.16451452
642,3.76,0.619766175,48.05235016
643,3.765,0.614967189,47.91617257
644,3.77,0.627603144,51.12720296
645,3.775,0.606408359,52.72321439
646,3.78,0.603147972,53.20031232
647,3.785,0.625415972,55.09686165
648,3.79,0.606544305,52.5571199
649,3.795,0.605641339,52.06019396
650,3.8,0.608755116,54.01978532
651,3.805,0.60413113,55.76747148
652,3.81,0.622910674,28.80257502
653,3.815,0.604422729,52.92078193
654,3.82,0.600369187,52.82559174
655,3.825,0.606832264,53.24008327
656,3.83,0.607721577,51.99773767
657,3.835,0.60728448,52.56270703
658,3.84,0.602898436,54.28759833
659,3.845,0.60697945,54.53688207
660,3.85,0.612582029,51.07944537
661,3.855,0.603436185,53.00946041
662,3.86,0.599094695,56.18786608
663,3.865,0.594398315,56.6404701
664,3.87,0.621893682,55.61758274
665,3.875,0.60329152,56.31047419
666,3.88,0.604797318,56.91909372
667,3.885,0.608596624,48.48030442
668,3.89,0.608556956,65.42781597
669,3.895,0.603964015,64.73752899
670,3.9,0.590661985,59.98022038
671,3.905,0.585066979,48.78717298
672,3.91,0.601765458,55.94977368
673,3.915,0.605891744,80.84583145
674,3.92,0.587730953,59.37508736
675,3.925,0.597305915,58.26132184
676,3.93,0.606584096,53.19263658
677,3.935,0.593565218,58.3939587
678,3.94,0.621163208,57.4814858
679,3.945,0.588016091,60.16669754
680,3.95,0.610730219,69.35251519
681,3.955,0.598175995,58.62726837
682,3.96,0.61401475,48.41088192
683,3.965,0.598724269,58.48335072
684,3.97,0.619176276,56.76064682
685,3.975,0.618045837,55.86304282
686,3.98,0.594316588,56.56231445
687,3.985,0.599553834,54.33998218
688,3.99,0.618889455,81.32611568
689,3.995,0.610153763,68.27442057
690,4,0.601794747,59.49488313
691,4.005,0.595718995,57.97187248
692,4.01,0.608914161,56.22616787
693,4.015,0.593167133,57.32795921
694,4.02,0.617749438,60.36005247
695,4.025,0.600245356,56.61868572
696,4.03,0.609219677,59.39165978
697,4.035,0.612952724,59.11655319
698,4.04,0.60712603,60.99810857
699,4.045,0.601389232,85.47822561
700,4.05,0.584855563,62.08717375
701,4.055,0.580630686,63.67639981
702,4.06,0.604694976,61.27163362
703,4.065,0.589343945,60.86205755
704,4.07,0.582098914,64.07724808
705,4.075,0.587905294,64.50192697
706,4.08,0.576789414,64.01956834
707,4.085,0.589037025,67.63533446
708,4.09,0.58461056,62.0677404
709,4.095,0.575479804,63.49731372
710,4.1,0.580927078,63.6328428
711,4.105,0.594334496,64.77456494
712,4.11,0.596262108,64.0214412
713,4.115,0.583178649,63.67332596
714,4.12,0.599273687,63.32920759
715,4.125,0.606588979,61.77048625
716,4.13,0.58267248,61.84349948
717,4.135,0.579001924,63.70113263
718,4.14,0.605451381,82.7943709
719,4.145,0.603016398,63.11928367
720,4.15,0.591008748,63.45841415
721,4.155,0.584522243,60.92570818
722,4.16,0.582554523,55.4254018
723,4.165,0.587730877,59.56571071
724,4.17,0.609240832,61.71301469
725,4.175,0.60462628,60.43161573
726,4.18,0.606100809,61.2764892
727,4.185,0.603719,60.9212827
728,4.19,0.583144462,61.76508327
729,4.195,0.600299468,65.51622444
730,4.2,0.595123256,54.40491487
731,4.205,0.578328012,62.89147072
732,4.21,0.593649955,55.66092404
733,4.215,0.57388451,60.87872347
734,4.22,0.585833089,63.32134507
735,4.225,0.590082281,62.33467521
736,4.23,0.596229718,66.29147669
737,4.235,0.594159282,65.24432713
738,4.24,0.578669077,67.9442603
739,4.245,0.562911667,69.48936884
740,4.25,0.57304755,67.31145005
741,4.255,0.563982517,67.77968043
742,4.26,0.566437574,69.31907817
743,4.265,0.584858652,68.72414725
744,4.27,0.565886715,70.17905969
745,4.275,0.561258217,71.09717682
746,4.28,0.578962617,62.59603699
747,4.285,0.56641421,69.8719784
748,4.29,0.584835909,68.83794036
749,4.295,0.586194909,69.21226128
750,4.3,0.587064936,69.44396439
751,4.305,0.573912982,68.43369357
752,4.31,0.59668192,65.24954135
753,4.315,0.578064022,71.60735037
754,4.32,0.590642869,69.09434344
755,4.325,0.579730782,64.9201532
756,4.33,0.567819415,68.19244144
757,4.335,0.590197114,66.78260637
758,4.34,0.586706721,68.6150426
759,4.345,0.572924999,67.13801436
760,4.35,0.575184565,67.7658904
761,4.355,0.596706572,66.55436487
762,4.36,0.589298187,64.76918722
763,4.365,0.581484351,64.99655633
764,4.37,0.5684663,66.63303882
765,4.375,0.571089458,68.08482263
766,4.38,0.585385905,75.08492024
767,4.385,0.589838085,66.47538655
768,4.39,0.568905639,69.18910452
769,4.395,0.569068392,67.6271652
770,4.4,0.584371324,68.50975894
771,4.405,0.563428382,70.94736653
772,4.41,0.570569619,69.10147585
773,4.415,0.564108329,71.70433507
774,4.42,0.551146487,73.0343723
775,4.425,0.577509075,68.71014261
776,4.43,0.58241701,71.29838024
777,4.435,0.574025851,72.59290038
778,4.44,0.558230788,73.28520159
779,4.445,0.574367636,72.29989245
780,4.45,0.573141367,72.37550518
781,4.455,0.569210083,76.09704043
782,4.46,0.559890577,75.82070632
783,4.465,0.553632535,75.70742752
784,4.47,0.549407459,78.06254853
785,4.475,0.54643666,76.36754696
786,4.48,0.544250565,76.41754393
787,4.485,0.566844908,75.55762925
788,4.49,0.561043415,77.23326809
789,4.495,0.562368006,74.69273938
790,4.5,0.553466868,74.77147765
791,4.505,0.554747641,75.46068961
792,4.51,0.54854969,77.12015392
793,4.515,0.552784874,73.76726197
794,4.52,0.553521955,74.7600877
795,4.525,0.565151495,69.28277535
796,4.53,0.552813219,74.23658638
797,4.535,0.577705214,71.74782424
798,4.54,0.557358151,68.78481515
799,4.545,0.579239251,66.77026122
800,4.55,0.559011908,72.33025561